{
    "8585": {
        "charge bcm4b 2u cut": 2.879404760764224,
        "count_h": 303.0,
        "count_identified_pscorr": 1241391.0,
        "count_raw": 4456.0,
        "count_raw_pscorr": 18256232.0,
        "count_tracked": 344.0,
        "count_tracked_pscorr": 1409368.0,
        "good_time": 22.652384,
        "good_total_charge": 2.879404760764224,
        "ps_factor": 4097.0,
        "time 1MHz 2u cut": 22.652384
    }
}
